Age (Years),Mileage (Km),Engine_Size (L),Target
6,248406.66276968463,3.9971348507831057,0
19,112102.4675975517,2.1623502392254204,0
14,15097.292692056091,4.147880539670665,0
10,250043.07943674867,1.4477437080861213,0
7,106831.6827399763,2.423893495179411,1
20,233281.18434439538,4.912247271894114,0
6,112013.5789264539,4.175958865472024,0
18,259015.06589254286,2.9890237212587527,0
10,69755.60489888283,2.3591098862475404,0
10,292491.44323366665,4.488542800089906,0
20,235028.83856246909,3.1793910363380626,0
3,38700.188146517066,4.033700071476444,0
7,171904.10289013534,4.016430721264657,0
2,295683.35711131175,1.0717827142739673,0
20,143964.30854467524,1.5050151311704538,0
1,58721.605952367056,3.638517465578969,0
11,148009.6183093521,1.6464792451434858,0
5,156175.00848516688,2.0219733786224188,0
1,223797.64854745634,4.786551816798429,0
20,211159.5266824668,3.2407290334996475,0
0,123752.26286110927,4.002918027997389,0
11,69316.81671075552,3.2319229551305595,0
11,195290.9794919522,3.210054459130901,0
16,129402.66069321813,1.3766076405027916,0
9,44021.482281972465,2.374652770436412,1
15,270668.82886473375,2.129723594746047,0
14,208910.44799484804,2.562913462454453,0
14,206539.237651417,4.193376752897313,0
18,247662.24339394382,2.4877306716674594,0
11,161250.1952032489,2.806787276926731,0
19,245441.05637872484,2.589525561941266,0
2,151936.7722857467,1.3736318879011824,0
4,24816.742975134475,2.764288633003135,1
18,124548.18596816818,1.7824370921780601,0
6,151752.14372406772,1.746893183092166,0
20,217459.76158152724,1.3761444177370654,0
8,36440.72538795894,2.426683896567059,1
6,46305.46890483246,4.029927539157669,0
17,82786.72177721185,2.1057667623335843,0
3,83617.02604441025,2.2493964075420543,1
13,220994.4506454234,3.5706986306896944,0
17,78965.54486567134,1.7833632503476755,0
8,191763.92869044704,4.587831721694137,0
20,150810.78579079008,3.080762093006218,0
1,174121.8415629232,2.790411761280868,0
19,252241.55413759727,3.2312807677168056,0
14,124292.54295696216,1.6641372536647818,0
6,232418.85623395978,3.453892554556705,0
11,129500.63756745277,2.4524029465360417,0
7,109392.05608556859,4.588745363858475,0
14,287795.01730740006,1.6754168267107445,0
2,59389.42160029415,3.028204415461764,1
13,31649.40337039432,3.392450517476072,0
16,232440.84803296617,1.133534407145525,0
3,25133.663079457016,2.454772499024561,1
17,251938.30225739366,3.930540938803331,0
7,133972.05192538683,4.281510029795893,0
3,275076.53480111464,2.2526479792691294,0
1,217852.19403096216,4.194373089531005,0
5,185069.37676734748,4.871023508413556,0
9,285045.5051320409,4.427495744300376,0
3,122011.56505035602,1.4705759526373008,0
17,286455.6462791918,3.9589213283421625,0
11,44825.376839256045,2.278667329762179,0
1,147707.70787006177,4.953663957648306,0
9,84623.8106056975,2.9414359326395485,1
3,164253.61977791708,1.4897355934357641,0
13,52794.09397801746,3.900742192109563,0
15,253251.2497914628,2.2920447935448554,0
14,254690.3155477944,4.988312628326646,0
7,286794.7122534263,4.919129831418088,0
13,50628.281560554686,3.6245360720823228,0
7,188883.10251697226,1.5193057958068703,0
20,144900.00606660903,3.7474439907001162,0
15,106593.2009530488,1.3721219458401088,0
12,108704.34753459455,1.1174566364095693,0
17,126774.09742899192,4.291833784885944,0
14,212953.03715824115,1.8390117907347254,0
20,181494.38718910562,2.5161085048763896,0
12,140606.04626453368,4.893829559904693,0
8,27400.356059038517,2.347362007444413,1
14,27940.776503292338,2.185959125133261,0
12,5690.120234604587,4.672831998491101,0
0,290471.3195210905,1.4429937812758324,0
6,6549.87647472355,4.038329640458527,0
8,35412.65507405474,4.952262266611096,0
0,97805.98425877621,4.605184043098595,0
11,243191.92428594455,3.6066716748257037,0
7,288819.1418004147,2.256243179970928,0
10,238053.99984359756,2.017287924713267,0
18,208715.26857146397,4.2770204194858445,0
16,158783.69688700297,4.519287655806782,0
7,30578.037499344166,3.1017396501827714,1
2,287660.3839361595,1.9773597631458646,0
2,228725.76211397603,1.4517728336446942,0
0,193490.06867360722,1.3487178713273247,0
4,228915.5744339607,3.8763097894154224,0
9,218610.48213557588,2.6804749113909,0
6,192983.31603789862,4.621439497111481,0
8,294270.1560530965,3.9586852029070547,0
6,271492.32472762733,1.7650416716583468,0
8,195766.1511395632,3.455109675262796,0
7,209486.6873797928,2.7420218175926374,0
11,20220.76296431945,3.3089989230744523,0
1,202625.65204226156,3.9522764933540686,0
0,18028.804124479553,4.224783524015163,0
15,178537.80830612965,4.374949305626897,0
4,299809.2823719213,2.015899498288099,0
2,168962.941523968,1.1244623996694307,0
11,144596.98483399334,3.9571789406590927,0
7,97292.18266914831,1.4253749050230984,0
2,40554.16074200701,2.2596783544518706,1
0,220651.98308019308,1.0152685364973886,0
2,61816.713196760975,3.7266779296064803,0
4,39008.196267948886,1.668528045884885,1
14,129419.9846205012,3.6211296387666327,0
13,239625.84219793373,4.966970468671356,0
2,224794.041695465,1.2906834864400651,0
0,21190.371320710103,1.3083120478058428,0
4,139267.38708566604,2.3615203706666996,1
13,159118.19994099485,4.465546057005368,0
6,195141.26193461753,1.8621194751653274,0
8,196799.3683807523,2.4415112797213903,0
14,112585.68858990523,1.2740216265079183,0
14,170399.77223103662,4.052621165035557,0
9,146913.2557340055,2.6332253710378044,1
12,266074.51517436793,4.036994932243371,0
18,161428.21412729553,4.614431377387181,0
6,135104.48771570768,1.931052588405155,1
16,124323.20765614597,4.229584121359805,0
19,173866.18903287238,1.236375560313013,0
3,242173.2089232648,4.59538955272099,0
4,163828.43966233233,3.6030741902349894,0
6,200188.27664875975,4.496906896553407,0
12,222667.45123742486,1.0007535982263276,0
14,158449.5924142259,1.67632428142397,0
10,130911.03171318499,2.5590375497059683,0
3,263616.28646942263,2.5180116134988744,0
12,128164.29478822817,1.9069215316940427,0
6,141273.14091979834,2.5264477594688004,1
18,297150.68743582425,1.5153948480010193,0
1,5070.069454885951,2.651044517064104,1
9,59714.50832513313,4.209417316637056,0
12,118269.34752631909,2.916280252413405,0
20,280114.0232804496,1.07200035578086,0
5,25658.763195503954,2.6857761663169897,1
11,7798.202920406931,1.1087000643633766,0
11,20541.731613282434,4.864973642827193,0
19,31120.306131017354,1.5098158376914759,0
10,16091.048095846956,3.830753305322475,0
6,146535.4914226689,4.891105291568343,0
0,176323.37613206168,4.3041562066662875,0
0,85147.65646535621,3.7972615005048147,0
19,122494.77827281249,4.357843638003068,0
12,32051.30385787189,4.92719477304251,0
8,104229.28682938451,3.4853779890141183,1
2,159143.1615321843,3.236739227317306,0
6,221020.1831194703,3.5129524418531255,0
5,5987.17680267887,3.13070354704622,1
7,142856.6761286075,3.540356423638875,0
8,92615.84855419025,2.799368831890237,1
4,256582.4373991109,1.8737727315332284,0
0,216088.22799410135,1.4809889060467025,0
18,178787.017668914,1.2733637421290416,0
9,86793.36548054821,2.0532631350128003,1
11,273550.0351069726,1.1844942573429353,0
14,18304.69977999534,3.2686831196775423,0
8,37292.94161033897,2.135313788094081,1
19,120530.89145940503,4.298139232348129,0
16,41709.07940257262,1.2969634919535458,0
16,287142.6307800304,1.9054059773659437,0
19,240406.8500322981,3.9209845883605836,0
11,81399.88222253503,3.3952331855339657,0
6,178623.4975471074,1.2579650849966701,0
1,294787.5019486241,4.508957828648802,0
2,265838.6985487933,4.509047051304718,0
16,182235.54170044843,2.3216320155030954,0
4,271598.5703167048,2.361623373398259,0
16,296809.5483949409,4.956113433400695,0
16,224289.08275361912,3.504704686372553,0
16,24170.99079745374,3.1252660822722365,0
1,123466.1697455188,4.352608734207697,0
1,252158.5919085574,2.1411613534292657,0
4,73017.9127624806,2.7167303735854276,1
0,250039.54273643426,2.0711067019533367,0
0,40499.934800323805,4.156643386354926,0
18,18848.880358604838,3.293397382540872,0
1,118306.73038991862,3.635300280560282,0
20,15835.921540851019,2.009228999357626,0
11,287394.72758008103,1.8809012055092604,0
5,248730.68025921992,2.953498515931755,0
3,241227.05770331316,3.950262996371307,0
10,190784.48728386516,3.1009590300806407,0
16,68815.58679578328,1.1305827101826744,0
5,157886.8081695357,4.4742060252811555,0
4,181195.8513669506,1.2587475740605263,0
19,159884.29275377913,4.8232979348830085,0
1,81768.84354570055,1.100567833109091,0
5,156998.13767284414,3.777801824522835,0
10,149899.97055624484,1.3288282548471266,0
15,298919.05386298365,4.642706317740558,0
15,269743.66367363016,2.857732944902171,0
0,141697.32072360787,1.5500950992680615,1
8,188766.52796586,2.3632627991593864,0
5,225622.12320720742,1.6592987013870482,0
15,15285.222268978348,1.68232764622836,0
2,269001.8251622128,4.792433280685769,0
19,258737.4108432875,2.7809844491391527,0
3,139942.46884324367,4.155209055621438,0
18,120395.08099371204,3.5584222447107274,0
2,85523.0155826129,3.705705449353569,0
18,145619.66435745868,1.526773753888154,0
19,18091.11574230485,1.9367377872619427,0
6,256397.0923373673,4.147001340617748,0
19,15449.598683470795,4.883064825899131,0
8,102070.15278411195,2.050702570394607,1
0,279818.899054102,2.0862750590041594,0
7,221887.73308441855,2.8915885312436194,0
6,88010.3333703704,4.935361251421751,0
17,79531.4827184611,2.0758357833058843,0
7,6499.23124631766,2.6278876385370555,1
0,210235.7163906763,4.565920062494027,0
10,19391.156593586064,1.011684130485448,0
17,162117.74322322482,1.1590638599542782,0
9,288825.98191465467,3.416286708284877,0
2,37293.3137160639,4.629520658851388,0
6,268871.5796355799,1.9554266416077106,0
15,297485.2238677892,2.878567098722836,0
15,23147.52274057434,2.801861206631273,0
19,265457.3493955511,2.8918853843820407,0
16,157243.3110308669,3.4900787829189808,0
1,272421.5472361511,2.878975051962735,0
0,173539.08786627435,2.7898725652898313,0
15,200323.04298143656,2.897153681725042,0
11,165414.77785923277,3.363469765084166,0
4,260025.3996906678,3.1480299534054335,0
4,221503.426091342,4.416543990602017,0
8,158771.7920932224,1.1979874139746665,0
8,261107.43719520635,4.33326828589205,0
2,77359.2320153237,4.375698450446896,0
18,51415.494612245166,2.1396320861238434,0
15,52318.03107237127,2.8514078200634025,0
15,103532.61922984518,2.754153954149742,0
2,75413.55923380017,1.8740393374165212,1
19,279376.6534003729,2.587187388345266,0
0,36221.057679432284,1.1775510886834177,0
19,211202.26772167836,2.1112882911269377,0
10,60820.354236576735,4.266728701802872,0
16,265082.95416725334,2.13824920705159,0
7,288588.0100145477,4.27282667499299,0
3,142313.65258714516,3.1263978584177234,1
5,264326.0866672988,4.51945070944464,0
7,6517.825372640857,3.2991182170576607,1
19,246884.34063538953,1.1186728922589593,0
2,72444.42264985244,3.701680830188357,0
15,273066.88623446354,1.1794142720942746,0
2,5330.4328866322985,2.802388075932536,1
17,169073.61183672832,4.717706777892456,0
13,228207.56211655572,1.6608157573514006,0
17,81313.05755588286,2.5594894117661764,0
1,61974.19505325145,3.9194412353939136,0
2,29808.97621805547,4.529034224379391,0
15,101297.90506847143,3.6837720189700316,0
8,170154.07213110468,2.032693016764677,0
3,39173.93775017601,3.6984314116648647,0
0,116125.13178610563,2.18691056441636,1
3,7676.359372553865,3.873716919274941,0
0,246510.42904745333,4.816132510340163,0
13,42892.37183749145,3.885573804425153,0
20,88586.16973834657,4.451522011649649,0
15,10436.177027774153,1.0084153727035337,0
19,132511.03124829114,3.8702884989263775,0
7,252835.84330865953,4.318350227461002,0
6,120684.60737633299,1.1622349501787257,0
2,57951.71041003085,4.486390909152922,0
16,227341.15604490315,2.0267769132401834,0
0,237698.05965186955,3.661168407912221,0
15,56257.2752157322,4.201419516093626,0
11,232401.962019592,3.650658052237422,0
18,284452.8770356197,1.369139168293029,0
13,54081.38814502034,3.3852860754414733,0
5,232440.36629697998,3.1983346268885744,0
5,214028.74135777567,4.601285072297086,0
12,144704.2970883511,2.6169589185768367,0
18,22086.535864845497,2.2843243883482005,0
7,27034.853238566935,3.999403057745865,0
1,256462.32446360105,2.6507013043335865,0
20,297093.7699614409,3.584384700020252,0
0,204435.41587009255,3.585800360498428,0
14,136557.70056804482,4.552156257440471,0
0,196034.22480356274,3.3947696092763895,0
4,180346.77847242088,3.0086144398479475,0
15,118165.61681965843,1.555485305586068,0
18,24359.71264933382,1.4629504267148215,0
3,247346.3194851951,1.6172862611323175,0
2,114690.89112542376,1.687393925308378,1
16,246541.76479034263,3.5515083706545356,0
16,79490.08115807276,3.963925001098314,0
11,5303.696554461852,3.119966091705675,0
13,51886.79356664317,4.316070930181964,0
20,143219.1279467324,4.965052906934533,0
5,283569.5723125598,4.280050516477424,0
2,35147.1178096471,3.7795294947038367,0
8,256991.88346616196,3.1299707977485864,0
4,160472.1083824993,2.795412286698833,0
16,248646.6259109695,1.3375695221781694,0
13,93020.45714204782,2.5974749935787638,0
20,252784.4135783792,4.640538547128537,0
2,232982.72010495732,4.232090519626212,0
0,72865.83649427301,1.8642054600467488,1
19,43743.86229076653,2.8664311387888635,0
20,261076.0251470264,4.266892810234179,0
0,289154.8127648389,1.26953821914209,0
2,14234.18255551729,2.5495703426746372,1
17,220724.66975723725,4.4073649474957906,0
9,273309.7307296064,2.615591456680495,0
2,257921.22716728708,1.3104585789257635,0
7,289533.5393197115,3.170137474129006,0
13,229227.75313923866,4.446969979673181,0
17,135478.13490236853,3.361142171812639,0
14,97025.83719606348,1.9051164328569272,0
1,99619.1084292476,2.5369584805495253,1
9,218704.6884211645,2.8004934447277288,0
1,225021.91854913448,3.3170654152821073,0
16,64105.947346870234,4.037404103010452,0
7,261096.22997970664,1.3954944705625416,0
0,215902.59185966305,4.558608132070265,0
8,171011.3344712979,1.0492388120643024,0
10,144102.07573024125,2.480209338697021,0
15,165253.67770803766,1.1096812398906306,0
6,51977.49279238302,2.571896901381165,1
9,65091.868536500886,3.103250395493295,1
2,31893.524669826544,3.046725546326047,1
17,50329.12125752824,1.6625133881130614,0
12,138839.6222085584,3.582962040382449,0
6,161454.54614983554,1.1791138020186729,0
3,10269.258281104216,4.047627280529662,0
12,240055.3592198881,4.786577735974185,0
19,91779.55213632598,2.3590753086044716,0
0,273991.63031317375,3.0689575268573277,0
7,290415.82276606443,2.5156411122352575,0
13,59710.36802961303,1.0268415612162398,0
15,141318.7007758699,2.5434980115804637,0
13,5363.391374095637,4.1668810370453855,0
11,181506.54321111596,3.383955368733927,0
18,184155.40223748802,1.4050396584606357,0
14,78024.28690299568,4.38855795877514,0
1,169731.7384120434,3.1243413795409714,0
1,71534.34202090195,4.366893446978704,0
18,52443.51337806607,3.3208860751401175,0
16,197198.2427066681,3.2387537793517596,0
19,101148.01186586209,1.4210367407880495,0
9,179127.86197125862,1.6694389325545118,0
5,132807.7909466384,4.888101025986364,0
14,295383.6651838567,1.913946987019083,0
10,49126.2895869319,4.909808471961472,0
4,142056.586007564,3.1276508260970535,1
0,205734.70477600096,1.5431561882557485,0
7,121685.79974459075,1.3972088110147718,0
20,292536.4563018535,1.83545628282296,0
11,217956.85023844586,4.702549320101343,0
11,198810.23798152545,2.656600897312907,0
4,228332.48394531087,2.5817370719716575,0
6,286031.34822142153,2.252825044280696,0
3,272806.50263046887,1.5882474022663535,0
5,218664.1658972915,2.9514047887696258,0
12,226002.6835348785,1.5201911300445548,0
19,48047.01184036791,4.34192094552931,0
14,35323.759325336374,2.481587945101226,0
2,173416.82804402846,2.4992142711271854,0
7,10418.4528974593,2.8960257139326235,1
19,147295.1325577195,2.7765108526630065,0
15,67053.12607606624,4.979431892237287,0
12,107074.88745522767,3.18152448487321,0
17,233862.39705892204,1.3528068151594828,0
9,282665.06374855404,3.42750936630772,0
18,26362.80028317074,1.6063371714795198,0
16,162601.4507630513,1.123750578925368,0
18,265347.378316782,4.882968614708993,0
4,29340.017659924277,4.094155566138255,0
20,248231.64383456597,4.920435969655068,0
8,110551.39852384005,2.9115137920889698,1
11,100017.93715470392,3.1290301245959045,0
20,293352.5839628618,1.673347823676521,0
0,64253.43150937678,1.9876297066703423,1
0,209492.21254269086,4.354196859611313,0
14,247325.0147629106,2.4247425884703766,0
1,17149.131107385147,4.307259895185676,0
15,202763.7102145516,3.836054897148127,0
7,285707.24243482144,1.708683701087462,0
12,41644.890184777505,3.0297854644789686,0
20,269385.2842920863,3.7095492860748673,0
0,180459.10802619613,1.9401488592153004,0
15,186898.35164942982,4.322754042080307,0
6,185818.53158535375,3.179310630180747,0
4,93156.58646950759,1.6609682017704128,1
2,280884.5355133406,3.3319377046584098,0
11,284468.3864761564,4.998855216623657,0
15,189464.8747631146,1.6020859666536542,0
18,236109.70415277634,4.267027720478112,0
4,185616.1058349416,1.8292360127502318,0
13,147897.54203434198,4.129553317840349,0
4,199941.93489827897,3.938311692485653,0
14,168135.42851462774,2.2019575424017295,0
16,181255.3794764194,2.3032924702577993,0
13,236230.60325856428,4.170085567851677,0
19,146866.63027745055,2.8457820475492506,0
4,17022.461297279464,3.923272114847235,0
11,53379.84689190168,1.591936589463339,0
15,134389.12886441383,4.410231127606214,0
15,218823.8351628472,3.8435388667292765,0
20,180017.20125150273,4.627771235339336,0
6,196836.7848326689,1.5294895161398898,0
3,146387.28393000475,3.3720580014423907,1
0,186643.89647296164,3.3964823401613007,0
4,102060.14415532535,2.41384296218713,1
9,143703.8648455162,2.833865698277031,1
4,224562.32435051192,1.1519262531594139,0
3,262190.66979707073,3.983440154508048,0
1,132928.3235171347,3.197289917612696,1
19,17880.18902367155,1.230964207476695,0
9,52693.40052330678,3.723023571841942,0
18,11154.03609100374,2.8671283089247517,0
0,197712.59067501238,1.1378450377,0
4,103032.81447975713,4.8784309073923815,0
12,165031.19753721342,4.796448572357762,0
3,150516.66980122088,3.0516096645887902,0
15,29050.314417965874,1.3746896828236408,0
15,123962.10153153038,4.018484886394367,0
1,70065.53185208536,2.967724400422916,1
16,128427.93765695755,2.2097899131575196,0
19,65055.59270096159,2.965672710114227,0
11,252933.4598516954,3.089776581621858,0
17,56387.03429058482,3.250846796089357,0
2,288430.2626886582,2.764894854621306,0
0,127692.67301334754,3.4230212125562267,1
0,254642.36114561954,4.67493884242551,0
18,190485.6213707538,2.4490723483943646,0
10,221928.33810639702,3.9028658528797964,0
4,231478.5469797002,4.577810227296929,0
11,153929.24015844025,2.8239171030397476,0
2,165273.65439217008,2.7738233455276164,0
0,156628.78100357388,3.408467941419118,0
0,178477.22153657337,3.3656270376899524,0
7,13671.361498169652,4.2263573693051075,0
9,121676.9751054595,2.9059335351131708,1
10,183825.67050054562,4.984491798557764,0
11,181328.45175048,1.237886275469123,0
12,238922.0479086613,1.012671394322807,0
11,198227.75495547202,3.5607932462384952,0
13,297679.32832049835,2.1937396494475068,0
1,88737.08593955028,1.9615295547979352,1
18,110949.55375153829,2.247596320017122,0
17,118234.9098009999,2.024190260419817,0
2,142414.77807097332,1.1231601986417914,0
16,251619.42881545678,4.886132169562355,0
7,74558.6677179669,1.882981953811127,1
9,233920.0610754517,3.936119050357225,0
1,124566.5040102943,4.050385578776702,0
18,182547.3381802925,4.717029592028917,0
8,191599.4573017603,1.12219782837352,0
6,114990.34797073566,4.488193353788031,0
3,156221.48553571253,3.108904723359201,0
20,126844.19652107061,3.5301764398633115,0
17,25394.171925052735,3.5778811084841347,0
12,133963.78970096383,4.279191219938911,0
10,33731.05080329789,2.333629288636442,0
3,124481.13572869485,3.9322047594399736,0
20,179910.92795037566,3.1143124388887884,0
3,175927.39530633274,4.173576057221391,0
9,200473.2773074545,4.962184131080534,0
4,33102.144846614756,1.802604069615045,1
8,197376.35743147918,4.978594566239991,0
2,97083.67672545189,1.359248617131096,0
16,122718.55411044777,1.0092701916192555,0
2,258105.9449071982,1.176647744711325,0
15,7663.969218217324,2.3671296189470468,0
3,178581.72683547862,3.5316253227137366,0
17,181620.62412953173,1.2761181635513985,0
16,122014.63402135078,1.022663258118269,0
6,74923.21784695917,4.748364113835179,0
4,74228.84128715757,4.287706543759718,0
11,265694.352549922,4.236732684556124,0
16,135397.19026594298,4.537697102007908,0
12,102612.36208180572,3.8001370910884176,0
2,137389.3842802639,1.4176165189923258,0
8,202470.1684305116,2.596400752294892,0
16,47998.18763220175,3.892597945858518,0
16,137582.98138805263,2.1213378431660836,0
19,178425.88947756414,3.7496254565449503,0
15,284832.089681173,1.0979937930706094,0
12,79495.69571224868,2.224549363518373,0
18,110978.97063529244,3.1965213451086907,0
16,116910.78402711502,3.528359318024969,0
3,183633.75650524042,3.3081626578476433,0
11,110235.95564680049,3.791025104293718,0
8,162386.0179634102,1.0243549929593563,0
18,235628.14730428366,1.403764799910086,0
11,213088.75026310005,4.47577700911658,0
8,136678.75072121274,3.726994576360645,0
6,259943.77241387984,1.4517265707440452,0
13,169651.37363018954,4.368297749594317,0
19,164272.22265315268,1.9689248712982677,0
18,15085.390952051663,2.913039536780894,0
14,296074.4292053627,1.5807860515386412,0
15,41276.38851623988,3.8404402256868266,0
20,73183.61916615575,3.6674176840570714,0
4,20250.56698625045,1.8444498846645447,1
2,193800.87521688954,4.453603067428007,0
11,71286.8472069406,2.6052240968788487,0
19,58103.07905445343,2.1700603642829672,0
20,31123.89734585621,1.6093183578581418,0
3,35476.142351584625,2.06467205006215,1
20,177477.85663056368,1.088107684895268,0
15,208021.32043064566,3.3330299698244623,0
6,122226.8015969983,4.368922985375791,0
12,146569.6390696616,3.1959217977665673,0
20,207360.48211498032,1.8770958476955029,0
9,10127.038104716492,1.1346767128554909,0
6,100323.54383573217,1.8585122930352114,1
13,292063.8356807522,2.6644857122843693,0
4,176133.10776016308,4.038445714799186,0
2,79996.2510697605,1.7513714101510964,1
10,158910.36375768288,3.8791658134187443,0
10,106082.77899567003,4.467733873407535,0
17,162012.27170375825,2.8157873924334282,0
14,42093.7459829614,4.285727966570374,0
11,44150.82287668683,3.2186293921403824,0
8,47344.996801620895,3.54836334832362,0
9,282246.8386184183,3.1051138413528108,0
11,221205.18091069584,2.852690867005367,0
16,52902.65892538466,1.9386137671033974,0
5,60562.97971085243,2.212776237844184,1
6,220594.69508690853,2.159880475774436,0
13,51068.33421369131,3.253155723815259,0
12,74195.58153377446,1.4798147720955597,0
7,289187.3156820177,4.667166762809341,0
9,80315.4247948874,3.882620581132453,0
8,200181.5433594883,2.6057825236527745,0
17,293696.2297831565,1.6344965781055119,0
1,115417.54630623883,4.527968678886543,0
4,10167.21730430836,4.29511236040466,0
4,77023.4506746004,3.886886210868717,0
5,250108.7714458031,2.0861881896449694,0
18,260059.60660673582,2.6097865497346757,0
7,231713.21253451842,1.4109930098096934,0
15,38367.39662758904,1.7561580989101269,0
12,239675.55965043893,4.1320665492669315,0
0,276009.95011308376,3.8601548754027353,0
19,182179.81505113965,3.3739430519037388,0
16,282558.2301197291,4.582906903704691,0
6,248917.47069500384,3.3330660712521816,0
12,201756.59751231765,2.867871999854443,0
3,175269.6448299657,2.361482985223051,0
3,107829.2318363813,4.76179402294469,0
5,51989.79634662752,1.330861846097414,0
18,183461.40719370954,4.723549488243234,0
11,98842.90831734525,4.306858639724073,0
6,260599.4069206554,1.5197196981428052,0
9,298034.3965207954,3.2599374307010143,0
18,226966.1899715939,4.4661919269963475,0
6,31692.10010967997,3.287236654428615,1
2,90162.25068153824,4.628799286242489,0
12,37187.341370896174,4.77193526726417,0
12,196900.93609855615,2.6895380887372236,0
17,230731.30504395647,2.5092546456252944,0
19,278074.07510981,4.745284615876628,0
7,134260.84219153636,3.7005602445986723,0
8,270905.81662859104,1.4640907253926772,0
6,263977.8919171916,1.1691669968907248,0
0,98572.73644579259,3.2585162039890525,1
2,261325.68453446846,4.720683861753699,0
12,115823.3143051093,4.376994809623273,0
16,92576.43599528284,3.7033909858573457,0
0,196477.02434434596,1.55646339556435,0
5,101872.46222609891,2.0169255349947823,1
20,190911.58075709754,4.502044906210465,0
5,184900.38262211488,1.7312289466276019,0
11,171214.48356779534,2.1137576330017382,0
12,117223.81274867532,1.5184026047817678,0
12,166807.41788718564,3.7044329256576445,0
14,180963.21512069937,4.775929221452838,0
20,165977.63210616464,2.075872126381544,0
15,136103.73856160446,2.901626431400295,0
20,9326.781828647825,3.537358958844817,0
10,178183.20377183953,4.997864992862523,0
4,54691.09361710229,1.4192322599902885,0
3,194559.91083942095,2.9942831980228366,0
2,229006.57673724546,2.5404804796100002,0
18,152631.36619356874,4.463280660889421,0
19,164997.2811690228,2.9038709240466236,0
17,285686.1751014674,1.4439100983405924,0
14,254914.3716049094,3.5376965811463346,0
8,274699.77220568364,4.08312247305552,0
16,245061.055054278,1.0115250066624584,0
13,37130.91084478577,4.435826741682519,0
14,48952.59751120744,1.7440920000226625,0
0,160354.0201943431,3.2082774586135114,0
20,77590.54934540948,2.6631900027498006,0
2,145625.16513714194,3.8786152664421216,0
15,121337.77052641331,2.4846464591429673,0
10,167077.20033698375,4.4790527067268435,0
11,225328.3362600677,3.921985443835161,0
9,216069.81759428597,3.590852684251686,0
15,158764.06908317364,4.184962382251417,0
7,247606.05855103213,4.016092139713529,0
5,132104.31700371986,1.1437546996862133,0
11,269530.7155028361,2.5789374153793125,0
20,26027.679666273354,4.723229189265959,0
7,286624.7088598257,1.5028970759689049,0
3,198134.45902224773,3.948386201728205,0
7,117121.98013647555,4.898367245341319,0
17,63160.46733899882,1.2087945161798865,0
4,146359.05268586197,3.728775522506442,0
8,62394.705339663786,2.8726165652041216,1
3,54067.82428422693,3.3167010214988886,1
16,187118.7684368274,1.3413653459372994,0
8,159309.9937516265,1.172027807467758,0
0,202678.3302102278,3.667466642203687,0
20,279233.7338394868,4.293237719282871,0
19,162016.76293501686,4.128061339731869,0
12,176374.95571252532,3.1752229114649495,0
15,31439.770050707924,1.3994672845447127,0
12,216702.55684304572,3.7521777753440553,0
13,122972.03600722608,1.9675555342165838,0
2,293133.9454054608,4.644274811069534,0
5,247836.33460071977,4.35306143818282,0
17,159131.9069522549,3.8375318683495636,0
18,41350.68298078898,4.795383823324522,0
4,258527.6590177738,1.1256872860450917,0
14,240935.4231500864,3.944801700243048,0
1,59452.61321342473,2.3209711173456213,1
9,92107.09531999147,4.624263542745461,0
17,239055.141153612,2.0667007866479103,0
12,59642.39173148585,3.899425997260068,0
4,275736.9843055563,4.510588078603126,0
0,130235.59043292675,1.1666272735307297,0
0,30676.4939633593,2.5905903183681445,1
17,245645.84983376286,4.049236128087754,0
14,115185.35649632434,2.8196755580303483,0
16,160317.26227536538,2.0690105191743813,0
10,38129.78160130965,1.87922139529276,0
20,5762.284379269804,1.5260730676655117,0
16,193205.6357090228,4.428518239425129,0
12,156976.67524845083,3.301421613006224,0
0,180093.87789132842,1.305539779965824,0
1,239154.4358622523,2.5303212942825417,0
8,195748.74445974373,2.4709346032204396,0
2,56558.165634076264,1.726956762837852,1
0,111427.89313762695,2.7420305018887627,1
20,272237.8759123893,2.328397461572546,0
15,232133.68657424528,2.36721482196873,0
5,169207.93209133158,3.9561062311518347,0
16,80415.27435373532,1.8930535420207852,0
4,94107.84804126454,3.5674398354214216,0
4,220927.6299377622,3.2825984955237395,0
5,256096.4069515674,3.272370049351469,0
2,203070.27751153125,3.6520293845671037,0
20,243811.3428516903,3.193528144782616,0
4,231163.55988411978,4.517020459385538,0
20,49162.67054730253,3.7023203678010392,0
4,130063.71980942409,3.1878530054855525,1
9,50130.221244425986,4.31905248115058,0
9,74394.49751658551,3.424586259733919,1
18,261431.5892720605,2.164576991140716,0
16,144503.12986178874,1.8283796727062849,0
20,162930.64004358495,1.6093111426507152,0
13,57641.559742192774,4.597820850184407,0
8,97120.17688439482,3.8405417271922633,0
13,72922.61968622163,4.749513752657283,0
0,65824.91853293579,3.413167222859772,1
18,193198.4340282112,2.89360352597965,0
12,80780.73505548587,1.2388659558835573,0
12,191444.56837602344,3.686569126184119,0
3,22244.1111620234,3.3288350390729247,1
0,46823.44609049505,4.960835574350486,0
16,85989.37493003698,1.9566351111289721,0
7,181128.84048422903,3.1229494211473434,0
1,204373.1673007759,3.6038293404722905,0
7,135601.5051999605,3.5783646989693745,0
6,136508.31980028254,3.245174171793611,1
1,218732.47116259235,4.107712041308902,0
2,9667.22207084682,1.8199248381072657,1
17,105621.55721989505,3.9025088010976634,0
11,246518.58185017365,3.4789382857323567,0
0,182949.7260129448,4.584300447178293,0
11,104482.00416284901,4.388777756134327,0
4,272129.8137372538,2.260588156530213,0
16,232923.70459756785,2.1049492999006123,0
15,83144.15693483636,4.926613295409791,0
14,195360.50207008648,3.109060723661026,0
14,180746.46481574222,4.625683855657748,0
4,123350.43464149989,1.6555240951219288,1
20,113252.04336541619,3.571275659200697,0
13,106350.34005883266,4.239440749442345,0
1,187060.9561017158,4.789580998345787,0
10,135510.9312617975,2.349360564068094,0
18,250399.6184091695,3.89992467969621,0
6,202532.77175951874,3.155252036158476,0
5,25629.82368428307,1.2425157042658728,0
1,193849.626029309,3.7599989492357735,0
5,84988.49376755452,3.7603862329513738,0
17,179879.5375377597,4.722427219386148,0
1,205638.91967551815,2.9892497846758896,0
17,73094.61080043355,1.9210036828420587,0
14,139773.30023970874,1.1782552937947166,0
18,61145.834531625,2.6625687467436228,0
1,20439.968357019952,2.2076668003100073,1
19,116650.54492833138,4.044353224095502,0
5,112068.56019456763,2.4170710593641864,1
0,298666.74475775583,4.796284785259376,0
14,136673.94360330445,4.849240811951137,0
9,103403.01709429912,3.4836343608708322,1
18,176240.12698141902,4.714641148059531,0
16,31186.381261791696,4.043417378057983,0
4,288691.3921066699,3.1874385639005047,0
3,192313.21344935478,1.7212317416911125,0
9,227677.1568825501,2.83439177405536,0
16,55290.991761305675,3.2434978534504704,0
9,125795.96663653514,4.45584632294004,0
16,129693.28845187591,2.9253335061426595,0
19,247432.90095082062,4.590698690711827,0
4,5364.820529025786,3.6973959160938756,0
1,93751.66696421025,1.5479962522146855,1
5,294464.7304315696,4.979925477300371,0
20,145091.5303343345,3.1089306430156505,0
1,117845.25267198244,2.5674331856363155,1
12,40349.555595205675,3.636455057878106,0
10,292378.56544526457,1.4355732559241563,0
10,10907.774998118217,3.5461545870134175,0
15,222468.16637713672,2.992944001997092,0
10,231736.94241261,2.6266962799943325,0
18,76878.73123884066,4.812080084715596,0
14,203109.740865846,3.090158866928213,0
15,32414.09759192003,1.8764699178797537,0
10,80828.94359746356,2.8358539175091946,0
15,237431.08654621817,4.677549618290691,0
7,260082.42664989436,1.7043818853223787,0
3,184503.49173463843,1.8558281547529476,0
7,154517.33738704238,1.052118271028335,0
3,51994.68608259919,1.0567601975830687,0
2,23617.1647583493,4.31756650783405,0
2,39706.463399699795,3.9284904273718233,0
17,72070.40352834914,2.420164225807833,0
18,105793.97805959165,3.793244628910291,0
18,117368.31002574123,2.580823705239881,0
20,107164.92173375604,4.8115871839913105,0
4,75521.32299819335,4.86821072570414,0
17,155368.65279175094,2.5711751032373735,0
9,248459.40192870455,4.416887625363472,0
20,87512.54384908637,4.092356166789864,0
5,283004.1706351588,2.2399997486871572,0
0,262634.3152085351,1.9281593156044239,0
4,52720.44234887233,2.8329386015713354,1
8,236951.40724334287,4.125395362457625,0
11,174503.27778374116,4.840671138914981,0
13,172139.73184056848,4.05431627546629,0
1,120357.61510216145,4.42082794007348,0
16,152840.13475869288,3.412257224682066,0
13,122167.73934161726,4.341631323368503,0
12,164221.12253418315,4.13768343201367,0
8,190245.26556792756,2.5079421677051204,0
14,203919.62289066927,3.2079612084828844,0
14,162081.95180503072,4.219012487958779,0
10,217819.50986197585,1.1842269367598255,0
15,46677.02453627421,4.23231712942332,0
16,67534.83481616036,1.7115524961960937,0
3,246526.8262019097,3.058734468485756,0
0,100145.75346469248,4.23310175822375,0
7,11753.678367955472,2.0152843126267794,1
16,50368.38915206917,1.983229757224612,0
2,70966.25817641182,2.6110575938490075,1
19,287410.2519289032,4.578571190310538,0
14,174047.22153460054,1.0017711257488315,0
14,280155.5684404952,4.60553238656774,0
13,174673.18839650435,1.6152280985664311,0
13,146409.55984066628,4.960345504269928,0
1,97549.66890225833,4.819387972153873,0
12,183879.4286078458,2.9787007583651333,0
13,46063.4172621713,3.0508809912505126,0
18,269987.1800513483,2.926197361103417,0
6,249653.05951667868,3.5417745826380904,0
2,98671.77712363742,1.3628868089397241,0
14,286075.2706423818,1.130471793366266,0
13,248434.22638759261,1.2308117136635954,0
10,201560.53132133672,2.7774613969660575,0
14,40919.76378195606,2.1021917568779336,0
12,146079.0367991813,3.488158249483975,0
17,154301.7286797915,4.969769157499115,0
5,73602.65071778712,2.5452926923058636,1
2,28589.791335994072,3.2953650164180535,1
18,234133.47098914935,2.662415583629342,0
14,41000.340376696535,4.389086670887437,0
4,180315.77141572355,4.608945613848952,0
9,281252.50629567984,4.50942244882104,0
6,263451.0318164226,4.89748895471703,0
16,86937.02400603204,1.1100767405616612,0
6,256177.34807762326,4.3592646485821245,0
11,5098.089305544375,4.007088692156373,0
16,10217.90383591088,1.9147776376014591,0
12,182753.18333364517,4.82528037355011,0
19,112615.47464763619,1.5927117129197819,0
3,119005.94814194841,3.7181997085356335,0
9,171510.12175027034,1.89956086726365,0
2,61575.824399598874,2.7255225950962987,1
8,67467.82844631611,3.8766395877782758,0
12,147957.4681705651,3.2532985681321867,0
17,227504.7955814396,2.710007325312447,0
14,187751.83666523837,2.305353723727949,0
3,92719.73922986747,4.358638622835161,0
14,131949.46736513177,1.5752574012592548,0
1,55346.10377224953,2.7204115061192002,1
14,27015.795229439103,4.615030287100568,0
7,235895.332019524,4.383398201839871,0
7,83289.2857105174,2.6037670498921868,1
16,57441.084416118225,4.052433454405233,0
11,209027.3263929492,4.292643322835437,0
18,187325.24391471987,4.555549696014519,0
9,191790.9396739719,3.178023076196912,0
8,72523.90842975101,1.8178435442188472,1
4,73630.4338759909,2.0212363060157266,1
5,70136.77578676355,2.182778696166417,1
19,56257.01572037688,3.375209923238462,0
1,198438.4834056886,1.1312384965144338,0
12,255164.6861485734,3.544169875119873,0
5,218673.65355461507,2.457416953712928,0
4,238667.62195936026,2.1809672099585686,0
0,124415.53658013394,4.5179862829125055,0
20,197952.35963473943,2.8400095823231957,0
20,109499.69093120849,1.3802121821307711,0
5,160023.8634807488,4.306987072104988,0
5,147082.2797277844,1.1905650297460264,0
15,57181.70781743705,3.9069968966727866,0
3,119188.23429901109,4.095624887082661,0
10,289327.57126729353,2.4104104237154327,0
8,78331.17602590792,4.2991514251111465,0
2,44472.10220244917,3.0626376234258137,1
18,128481.2833790609,2.8531746130911873,0
7,238149.63207874369,1.1816131258747702,0
4,176733.72778509182,2.1601167745956236,0
3,205887.57403528213,4.724039883541199,0
5,60959.98021152977,2.567295853134,1
1,187589.71693727784,3.1868020822270733,0
19,100432.61649888476,3.128086715937007,0
10,251119.4929566564,3.3617243592907733,0
3,190643.14777316718,1.2453238225731305,0
14,63662.601943712296,2.448705019194913,0
5,24061.920554005414,3.8925130955302167,0
16,17576.796739674657,1.8022410042919317,0
5,114565.52745679152,1.8143135101854417,1
18,83426.08531302247,1.040362426756099,0
1,195596.58642143986,2.749927706432839,0
14,152303.4813186924,4.530937522693688,0
10,83475.68701158732,1.207603774349236,0
7,49025.14449530195,1.7644748379840105,1
18,42523.92999279763,2.2403381533710203,0
12,260074.8156814232,3.9268989462568515,0
11,76826.00067943583,3.562542371210346,0
4,197254.64113373565,2.66377561832742,0
5,244152.34875594854,4.036275757033502,0
3,186153.98679949716,3.4385240466276077,0
18,258571.743335849,4.584163198628876,0
19,120756.14785089999,4.272106996554772,0
0,287085.54624143976,2.0112544243568022,0
19,44277.7762325386,2.085754310536801,0
16,35134.11124897374,1.5014259031695425,0
11,199314.18313119584,2.347858902869826,0
14,283135.1867169122,4.998175674876377,0
0,243620.62118271677,2.623004674460244,0
13,27542.973534225173,1.8819537387564256,0
5,87413.47561074133,4.0499315379022125,0
4,279444.071027158,3.1698840138506243,0
10,79652.23767623144,1.5984057981078101,0
3,235445.2750171412,2.522758724643463,0
12,248413.9977989676,2.6578788621573732,0
10,151158.3705209896,4.015318802276875,0
2,118972.92840525307,1.0826854755676178,0
0,137786.70756382908,2.076078587193242,1
5,71954.58483778243,3.070385205262088,1
17,267370.3202580091,2.0753869698113734,0
9,137932.79873527857,3.5137361896759955,0
4,265325.5349345495,2.9274699170984664,0
9,36179.57657235085,2.4468410194383226,1
11,296541.2049450388,4.796834507482049,0
1,135765.5607958674,3.5286379967458297,0
12,19110.092016261115,1.519765489071765,0
7,16216.4452300492,3.240366789773582,1
1,225131.14095714237,4.1229274128036035,0
19,199415.48259008583,3.8339587899711893,0
0,241628.5146476383,1.6883569171810375,0
4,36083.42251607776,4.889679996160414,0
8,15493.405775486763,2.795254582986424,1
16,155030.89038703564,1.6361000149610452,0
8,119340.59328741701,1.7207830165125917,1
10,141274.34631793195,1.392939968756322,0
14,297518.58061673085,4.214072433739737,0
5,291371.2375128477,1.4881219772873946,0
2,282983.0399535919,1.5005010285669877,0
16,236233.58964646378,4.40188645904335,0
4,109678.20127578266,2.3784163377902385,1
11,126578.62442751761,1.1234316172322898,0
17,167136.73289708272,1.2075811980736435,0
13,250007.66463942776,1.5686817868155822,0
20,25270.28559288899,1.8535733919027582,0
10,130167.581336042,3.6605847769536215,0
8,29372.21072048426,1.629305120007313,1
1,156823.9880391859,1.475497564708288,0
11,270175.74308183946,4.058876565905116,0
2,235833.05274636167,3.6842211354396577,0
2,72213.51317521743,2.7412968858209448,1
0,292917.3006316438,3.197239085920416,0
7,201868.36742369636,2.247936081305674,0
7,8076.171322233905,2.9300016809414426,1
10,80346.97798213975,3.026690595930983,0
8,81910.42347637538,2.5489490847123837,1
4,25430.02035432868,4.626288842688651,0
13,288148.82283239905,1.0642474599240246,0
2,146085.3118998975,4.128685052364984,0
20,269265.3062247052,1.4975313249652973,0
4,100053.57351616536,4.190189442148798,0
4,41943.903277684,3.463647662706885,1
18,144929.1524223331,4.3731123637456095,0
13,38617.20724072356,1.3900573025635898,0
3,148374.57337837428,3.235922536399096,1
12,276487.6684597253,3.0043515210487883,0
9,158626.60184109275,3.8247727318534346,0
17,186867.41943404963,3.137162207574703,0
7,51208.33890727345,3.1629382685324168,1
7,17902.009634591,2.7183837743042587,1
6,37688.34884304307,2.2353376960293634,1
7,181566.81482688786,2.9290574450087687,0
13,33028.45120272988,1.4739694350736023,0
18,115917.90253268687,4.846053355932339,0
5,167277.12243515602,3.857643054506393,0
0,119652.57559580487,4.809868466751388,0
14,53286.721432263934,1.906909529319853,0
0,85768.43571666142,4.517364080706113,0
16,278853.6721903302,4.235159938254154,0
0,204414.77129797483,3.7086096498306946,0
14,151334.11241056654,3.500116744340823,0
1,8750.892546133588,2.26619866107148,1
13,297762.5431443937,4.2656431398601224,0
20,203079.20579391977,3.006061845918935,0
7,98492.13081675876,1.2835663035651415,0
7,264384.25469936227,2.25145264342052,0
18,81237.32798608634,4.741188394181311,0
6,165484.8908589117,4.402721042419385,0
18,192640.8753002984,4.927622792306156,0
5,70213.69457884989,3.5119735304163924,0
5,293627.1972461758,1.9900402925616478,0
2,225716.61226380427,1.651260198707455,0
6,169554.90152576563,1.7476577624338465,0
18,58275.40646171376,1.0791826333890175,0
7,20888.171064417707,2.5627284439437568,1
9,99417.65059369012,1.76571072199817,1
19,227190.26409445383,2.6466218418268097,0
14,84452.7329990974,4.739977727355061,0
14,164169.085046174,2.72216083802876,0
0,219744.41713556924,4.511937987939339,0
19,36843.39582070698,3.422019066463506,0
6,207162.91475418265,1.9885262186455677,0
3,32101.91187446319,2.4234190370368456,1
5,289713.273927464,1.3356781432857177,0
0,149076.2683691572,2.333850374384042,1
4,49449.45177441383,3.710163782014136,0
0,106003.17262989622,1.2884443717177407,0
3,126957.85254210213,1.8216056339121174,1
1,228664.57826757853,2.525764165653246,0
9,224310.01689259976,4.92819814806385,0
4,185522.44907451264,4.139447291835521,0
9,36249.56020475543,3.9339469859684155,0
0,49712.96461836371,1.464763826101784,0
5,32658.291590439207,4.123983574459966,0
12,175265.97106982727,4.1410752460640605,0
14,263755.8402458642,3.404410782497313,0
3,132971.15111515767,4.9614471279934875,0
12,52450.211317535126,2.301015623698208,0
19,169622.48591894525,4.765089792967407,0
14,244466.9039753844,4.658924459826014,0
7,223805.05814631435,1.0459226389975114,0
4,265027.9800041313,2.800466105899244,0
14,86981.11868841601,4.908416932206293,0
3,62216.390843993584,1.4124854496323032,0
11,264545.86335287197,3.191138777533278,0
12,198980.2922695168,4.915830028164416,0
1,96724.03435222848,3.2219816964234407,1
18,223992.6749188902,1.759261211888624,0
18,245459.92342170852,3.328732920370359,0
3,186418.58090063406,1.8177622957981874,0
3,207925.81241457496,3.078817051577937,0
10,115701.67181058657,1.296168871649392,0
4,163915.22186619652,3.4219306768576185,0
19,159626.95536421787,3.0671597565126327,0
10,255174.09838357772,3.9606454750458524,0
9,252789.37418324384,3.52280188463514,0
7,250640.73845737774,3.1984250741230267,0
5,8254.32620742741,3.7591153969924846,0
5,226115.91791832203,1.5757676542889234,0
7,228809.53508274644,3.3814386450344163,0
14,205121.75274226684,1.6884424112911107,0
13,228098.07407797853,4.702088831407524,0
10,253381.2595915291,1.2733364193824168,0
11,143744.12096002678,2.721498998763173,0
12,153104.81297909192,3.7831899106217795,0
7,41790.64678886019,2.832088846673035,1
17,118685.88549897174,1.3683810129316094,0
0,194792.72807397638,3.2135160645068295,0
14,235217.93396344598,3.566527635309418,0
7,69076.68381890711,3.8151692439620306,0
10,45657.75525197444,2.4930392578510356,0
11,200597.3913276452,3.254639884115049,0
11,5554.565639848639,2.8027458997556525,0
3,57619.9123706623,3.6882241550090136,0
15,13576.057201466352,3.334227869299274,0
3,54231.10976718692,3.1030248782365395,1
4,58489.187578024044,1.9980974673529945,1
4,119363.71045136629,1.0080740709929357,0
7,123686.501782534,1.696326701245717,1
9,262907.42883002013,1.4682641656966746,0
16,155482.36518715342,2.796338980043787,0
8,218404.40585562444,3.4490326030473786,0
18,35720.520586484796,1.8523400347392327,0
13,71504.43286178968,4.7562283838687485,0
7,212368.31508870964,1.0267285168955511,0
8,20577.168338215786,4.0892040606613715,0
10,148546.31036190718,3.500819078121769,0
0,181813.8448705655,2.4942192041907276,0
13,182632.96499548192,1.2019557776496317,0
4,11765.1793240724,3.5099462871371174,0
20,100021.86124760972,2.542454051462592,0
13,192764.74205950045,4.745068557652877,0
3,48954.922164026815,3.1679602995590637,1
0,210147.6162567757,4.758606045174033,0
18,225047.93660003398,1.8819347738932164,0
7,294680.9111816129,3.902903641456413,0
14,66903.38848264079,3.4689960833949027,0
20,248413.54696150398,3.9576329193252473,0
14,158487.49019100296,1.8586714558901472,0
8,115171.46586253116,3.659978064951095,0
20,41101.14341092749,2.992161572227476,0
8,221974.1539138236,3.971299899625265,0
9,74577.99174738768,2.308178576607271,1
19,114569.4905525485,4.560228101861011,0
20,23449.95693472369,1.3372052584454015,0
8,241403.2401667581,4.228757275164752,0
2,231143.6145716348,4.445278503260363,0
19,221416.66986248217,4.269009245467284,0
10,93335.83559510656,3.050905577047104,0
5,56176.62190845739,2.7535399201230453,1
1,193078.21301871777,4.985049146099508,0
6,151369.08331339975,1.9166878048566485,0
17,57584.47773686927,3.1875038635041784,0
1,207343.8249597098,3.682702101529302,0
16,297382.2973872846,3.803470543445728,0
10,225429.7783839011,1.8160986629543148,0
11,223295.98407225547,3.615976369359205,0
18,285342.26211452455,4.273478265925349,0
6,64866.228434596145,1.2000743072844489,0
19,171837.2396518249,4.646085173301266,0
5,293995.7809349956,1.1180162205808237,0
20,53761.76273620149,2.4238841299535774,0
0,211574.3280361337,1.0632527849318483,0
16,177813.99306171108,1.3085806741583275,0
10,178011.33219566857,4.644673140720316,0
17,210812.83511842217,2.4194433229845913,0
20,279236.99224832683,2.6990861217002116,0
16,235861.6722561447,1.8613775255302105,0
6,21560.15050778195,3.388383080746879,1
16,256554.76586333482,3.3792128587111585,0
19,71534.69232809111,2.488801567300877,0
8,116189.67859722972,2.3321394872215935,1
16,141211.18001565273,4.539857232722351,0
19,146867.27022215555,2.5331369585688055,0
7,133378.21778033025,2.974003968617633,1
16,281519.22179368,2.1332190496997225,0
6,213275.60726088725,4.1470780134285095,0
0,191195.34055722837,2.5897926275963665,0
12,19703.39819596776,3.054444186177298,0
18,271654.43242681056,2.0134286802386456,0
18,273270.10664247687,4.950638369365008,0
16,235162.8537118802,2.1659829636948915,0
12,7073.615125017651,4.082970123622207,0
15,21897.67406789889,2.7099826014270367,0
7,71440.99216920447,1.8248696203365595,1
18,43748.075402747476,4.198875055859444,0
17,122656.62876260019,2.3344271561161727,0
0,277173.802135898,4.460773389591244,0
13,144257.8280881145,4.661028739671292,0
18,8953.774797488855,4.439295341565104,0
14,88409.9784257348,1.1400316592272226,0
17,18155.497970023654,4.149493380020422,0
1,15704.848670983136,2.6453578659965755,1
16,86337.35666318791,4.4948916807289,0
17,86305.6399102889,3.551817050738955,0
5,237202.3477674732,4.334572536575834,0
18,292576.22257042804,2.9977270794673414,0
3,114506.0926975495,3.1401020183957313,1
0,131521.6292640064,1.577550528534669,1
7,254212.88370437632,4.135949434757421,0
6,84101.01092817645,2.6775584466678866,1
2,51132.63229901715,3.0003204730863304,1
9,256661.43890407687,4.14039085638283,0
9,18717.67299981932,3.395381600317756,1
18,187811.33485882764,1.8043949097706697,0
13,170787.890002708,3.360930636603571,0
1,107046.5320129998,2.630531431918623,1
0,97980.9087237209,2.8781021681754506,1
17,232698.02922357828,1.1132450976106711,0
6,30495.260174951214,1.8401173980651264,1
7,74851.37124685869,2.124152325524113,1
0,221072.37589223648,3.851840031435223,0
2,166754.57219929516,1.0459698931924613,0
7,42756.521517407986,2.635109044916528,1
14,265230.00621320773,4.696107481702931,0
4,121067.11473625951,1.4475224661964954,0
2,249221.17072004097,3.065697552874444,0
18,237375.33958067404,4.146089529563389,0
0,189205.50670915976,4.770125230080467,0
14,150871.93373205242,3.987106558134872,0
7,293967.4979126183,3.8822621945776246,0
1,47764.69635204603,4.305952360783049,0
2,218920.93962757886,2.7848048839101747,0
13,61401.25693211276,4.223378130471332,0
13,104787.61607304277,1.0318576189818045,0
10,96066.1292950926,4.6982442215072195,0
15,284375.61638292327,2.7732260380687013,0
3,290370.07244754117,3.2135207514629904,0
19,58989.55604924451,2.0195289956595293,0
4,11500.372287763734,3.9701233313616857,0
20,217402.37170061836,1.3065432259009953,0
13,128307.03049179287,4.490543210187341,0
15,31207.872300831492,4.312467316025371,0
17,206707.46114522754,1.8642404649790656,0
6,165806.1308369064,4.237297593141049,0
9,294252.46249032626,4.145430932245926,0
6,72085.80127910679,3.528866391015796,0
0,124173.47351633174,2.49408070759875,1
20,165051.01200164977,2.0859950167274715,0
18,238551.49659373873,1.9271343611574,0
15,166907.40373241733,2.2744358510544287,0
18,185805.54745427502,4.614233773730121,0
3,71713.38021903252,1.310563103955125,0
17,254841.02478612514,4.315485105011835,0
1,131446.01135629034,2.3955603001672943,1
0,46583.09011892194,3.0863975840454327,1
14,200935.4347790981,4.177942534593963,0
4,68746.68368966572,4.537506188091886,0
19,33780.94052059342,2.379125680290588,0
10,259286.13797926033,2.8473739251004413,0
9,140747.8680240897,2.658064259267169,1
